tanggal,bulan,id_invoice,id_customer,level,nama,id_cabang_sales,cabang_sales,id_distributor,grup,id_barang,nama_barang,sektor,tipe,nama_tipe,unit,mata_uang,jumlah_barang,harga,total_penjualan
27/01/2022,January,IN6131,CUST55418,Company,APOTEK MAJA,CAB02,Kuningan,TA,Apotek,BRG0009,AMBROXOL HC,P,ZPJ1,Produk jadi,DUS,IDR,10,5.781,57.810
27/01/2022,January,IN6327,CUST55448,Company,APOTEK MAJA,CAB02,Kuningan,TA,Apotek,BRG0009,AMBROXOL HC,P,ZPJ1,Produk jadi,DUS,IDR,25,5.781,144.525
27/01/2022,January,IN6095,CUST55478,Company,APOTEK MAJA,CAB02,Kuningan,TA,Apotek,BRG0009,AMBROXOL HC,P,ZPJ1,Produk jadi,DUS,IDR,5,5.781,28.905
27/01/2022,January,IN6228,CUST55508,Company,APOTEK MAJA,CAB02,Kuningan,TA,Apotek,BRG0009,AMBROXOL HC,P,ZPJ1,Produk jadi,DUS,IDR,12,5.781,69.372
27/01/2022,January,IN6066,CUST55538,Company,APOTEK MAJA,CAB02,Kuningan,TA,Apotek,BRG0009,AMBROXOL HC,P,ZPJ1,Produk jadi,DUS,IDR,12,5.781,69.372
26/02/2022,February,IN6275,CUST55568,Company,APOTEK MAJA,CAB02,Kuningan,TA,Apotek,BRG0009,AMBROXOL HC,P,ZPJ1,Produk jadi,DUS,IDR,67,5.781,387.327
28/03/2022,March,IN5979,CUST55598,Company,APOTEK MAJA,CAB02,Kuningan,TA,Apotek,BRG0009,AMBROXOL HC,P,ZPJ1,Produk jadi,DUS,IDR,18,5.781,104.058
27/04/2022,April,IN6073,CUST55628,Company,APOTEK MAJA,CAB02,Kuningan,TA,Apotek,BRG0009,AMBROXOL HC,P,ZPJ1,Produk jadi,DUS,IDR,34,5.781,196.554
18/04/2022,April,IN6194,CUST55658,Company,APOTEK MAJA,CAB02,Kuningan,TA,Apotek,BRG0009,AMBROXOL HC,P,ZPJ1,Produk jadi,DUS,IDR,25,5.781,144.525
12/06/2022,June,IN6033,CUST55688,Company,APOTEK MAJA,CAB02,Kuningan,TA,Apotek,BRG0009,AMBROXOL HC,P,ZPJ1,Produk jadi,DUS,IDR,34,5.781,196.554
30/04/2022,April,IN6097,CUST55718,Company,APOTEK MAJA,CAB02,Kuningan,TA,Apotek,BRG0009,AMBROXOL HC,P,ZPJ1,Produk jadi,DUS,IDR,100,5.781,578.100
20/01/2022,January,IN6297,CUST55381,Company,APOTEK MAJA,CAB02,Kuningan,TA,Apotek,BRG0002,ALERGINE TABLET SALUT,P,ZPJ1,Produk jadi,DUS,IDR,5,2.338,11.690
30/01/2022,January,IN6287,CUST55391,Company,KLINIK SAHABAT,CAB05,Tangerang,TD,Klinik,BRG0002,ALERGINE TABLET SALUT,P,ZPJ1,Produk jadi,DUS,IDR,17,2.338,39.746
30/01/2022,January,IN6163,CUST55421,Company,KLINIK SAHABAT,CAB05,Tangerang,TD,Klinik,BRG0002,ALERGINE TABLET SALUT,P,ZPJ1,Produk jadi,DUS,IDR,5,2.338,11.690
30/01/2022,January,IN6235,CUST55451,Company,KLINIK SAHABAT,CAB05,Tangerang,TD,Klinik,BRG0002,ALERGINE TABLET SALUT,P,ZPJ1,Produk jadi,DUS,IDR,10,2.338,23.380
30/01/2022,January,IN6276,CUST55481,Company,KLINIK SAHABAT,CAB05,Tangerang,TD,Klinik,BRG0002,ALERGINE TABLET SALUT,P,ZPJ1,Produk jadi,DUS,IDR,1,2.338,2.338
30/01/2022,January,IN6107,CUST55511,Company,KLINIK SAHABAT,CAB05,Tangerang,TD,Klinik,BRG0002,ALERGINE TABLET SALUT,P,ZPJ1,Produk jadi,DUS,IDR,24,2.338,56.112
30/01/2022,January,IN6240,CUST55541,Company,KLINIK SAHABAT,CAB05,Tangerang,TD,Klinik,BRG0002,ALERGINE TABLET SALUT,P,ZPJ1,Produk jadi,DUS,IDR,48,2.338,112.224
01/03/2022,March,IN6069,CUST55571,Company,KLINIK SAHABAT,CAB05,Tangerang,TD,Klinik,BRG0002,ALERGINE TABLET SALUT,P,ZPJ1,Produk jadi,DUS,IDR,4,2.338,9.352
31/03/2022,March,IN6085,CUST55601,Company,KLINIK SAHABAT,CAB05,Tangerang,TD,Klinik,BRG0002,ALERGINE TABLET SALUT,P,ZPJ1,Produk jadi,DUS,IDR,25,2.338,58.450
30/04/2022,April,IN6225,CUST55631,Company,KLINIK SAHABAT,CAB05,Tangerang,TD,Klinik,BRG0002,ALERGINE TABLET SALUT,P,ZPJ1,Produk jadi,DUS,IDR,44,2.338,102.872
18/04/2022,April,IN6138,CUST55661,Company,KLINIK SAHABAT,CAB05,Tangerang,TD,Klinik,BRG0002,ALERGINE TABLET SALUT,P,ZPJ1,Produk jadi,DUS,IDR,10,2.338,23.380
15/06/2022,June,IN6046,CUST55691,Company,KLINIK SAHABAT,CAB05,Tangerang,TD,Klinik,BRG0002,ALERGINE TABLET SALUT,P,ZPJ1,Produk jadi,DUS,IDR,12,2.338,28.056
03/05/2022,May,IN6037,CUST55721,Company,KLINIK SAHABAT,CAB05,Tangerang,TD,Klinik,BRG0002,ALERGINE TABLET SALUT,P,ZPJ1,Produk jadi,DUS,IDR,45,2.338,105.210
28/01/2022,January,IN6013,CUST55407,Company,APOTEK SINAR JAYA,CAB06,Bekasi,TA,Apotek,BRG0002,ALERGINE TABLET SALUT,P,ZPJ1,Produk jadi,DUS,IDR,25,3.992,99.800
01/02/2022,February,IN6063,CUST55417,Company,APOTEK TAPAK,CAB01,Aceh,EPM,Apotek,BRG0008,TETRACYCLINE KAPSUL 250 MG,P,ZPJ1,Produk jadi,DUS,IDR,12,3.992,47.904
28/01/2022,January,IN6053,CUST55437,Company,APOTEK SINAR JAYA,CAB06,Bekasi,TA,Apotek,BRG0002,ALERGINE TABLET SALUT,P,ZPJ1,Produk jadi,DUS,IDR,44,3.992,175.648
01/02/2022,February,IN6005,CUST55447,Company,APOTEK TAPAK,CAB01,Aceh,EPM,Apotek,BRG0008,TETRACYCLINE KAPSUL 250 MG,P,ZPJ1,Produk jadi,DUS,IDR,12,3.992,47.904
28/01/2022,January,IN6292,CUST55467,Company,APOTEK SINAR JAYA,CAB06,Bekasi,TA,Apotek,BRG0002,ALERGINE TABLET SALUT,P,ZPJ1,Produk jadi,DUS,IDR,10,3.992,39.920
01/02/2022,February,IN6072,CUST55477,Company,APOTEK TAPAK,CAB01,Aceh,EPM,Apotek,BRG0008,TETRACYCLINE KAPSUL 250 MG,P,ZPJ1,Produk jadi,DUS,IDR,1,3.992,3.992
28/01/2022,January,IN6172,CUST55497,Company,APOTEK SINAR JAYA,CAB06,Bekasi,TA,Apotek,BRG0002,ALERGINE TABLET SALUT,P,ZPJ1,Produk jadi,DUS,IDR,12,3.992,47.904
01/02/2022,February,IN6300,CUST55507,Company,APOTEK TAPAK,CAB01,Aceh,EPM,Apotek,BRG0008,TETRACYCLINE KAPSUL 250 MG,P,ZPJ1,Produk jadi,DUS,IDR,22,3.992,87.824
28/01/2022,January,IN6314,CUST55527,Company,APOTEK SINAR JAYA,CAB06,Bekasi,TA,Apotek,BRG0002,ALERGINE TABLET SALUT,P,ZPJ1,Produk jadi,DUS,IDR,45,3.992,179.640
01/02/2022,February,IN6128,CUST55537,Company,APOTEK TAPAK,CAB01,Aceh,EPM,Apotek,BRG0008,TETRACYCLINE KAPSUL 250 MG,P,ZPJ1,Produk jadi,DUS,IDR,79,3.992,315.368
15/02/2022,February,IN5986,CUST55557,Company,APOTEK SINAR JAYA,CAB06,Bekasi,TA,Apotek,BRG0002,ALERGINE TABLET SALUT,P,ZPJ1,Produk jadi,DUS,IDR,9,3.992,35.928
25/02/2022,February,IN6011,CUST55567,Company,APOTEK TAPAK,CAB01,Aceh,EPM,Apotek,BRG0008,TETRACYCLINE KAPSUL 250 MG,P,ZPJ1,Produk jadi,DUS,IDR,10,3.992,39.920
17/03/2022,March,IN6250,CUST55587,Company,APOTEK SINAR JAYA,CAB06,Bekasi,TA,Apotek,BRG0002,ALERGINE TABLET SALUT,P,ZPJ1,Produk jadi,DUS,IDR,12,3.992,47.904
27/03/2022,March,IN6153,CUST55597,Company,APOTEK TAPAK,CAB01,Aceh,EPM,Apotek,BRG0008,TETRACYCLINE KAPSUL 250 MG,P,ZPJ1,Produk jadi,DUS,IDR,18,3.992,71.856
16/04/2022,April,IN6082,CUST55617,Company,APOTEK SINAR JAYA,CAB06,Bekasi,TA,Apotek,BRG0002,ALERGINE TABLET SALUT,P,ZPJ1,Produk jadi,DUS,IDR,8,3.992,31.936
26/04/2022,April,IN6309,CUST55627,Company,APOTEK TAPAK,CAB01,Aceh,EPM,Apotek,BRG0008,TETRACYCLINE KAPSUL 250 MG,P,ZPJ1,Produk jadi,DUS,IDR,45,3.992,179.640
16/05/2022,May,IN6077,CUST55647,Company,APOTEK SINAR JAYA,CAB06,Bekasi,TA,Apotek,BRG0002,ALERGINE TABLET SALUT,P,ZPJ1,Produk jadi,DUS,IDR,12,3.992,47.904
26/05/2022,May,IN6111,CUST55657,Company,APOTEK TAPAK,CAB01,Aceh,EPM,Apotek,BRG0008,TETRACYCLINE KAPSUL 250 MG,P,ZPJ1,Produk jadi,DUS,IDR,12,3.992,47.904
01/06/2022,June,IN6100,CUST55677,Company,APOTEK SINAR JAYA,CAB06,Bekasi,TA,Apotek,BRG0002,ALERGINE TABLET SALUT,P,ZPJ1,Produk jadi,DUS,IDR,9,3.992,35.928
11/06/2022,June,IN6091,CUST55687,Company,APOTEK TAPAK,CAB01,Aceh,EPM,Apotek,BRG0008,TETRACYCLINE KAPSUL 250 MG,P,ZPJ1,Produk jadi,DUS,IDR,14,3.992,55.888
16/06/2022,June,IN5992,CUST55707,Company,APOTEK SINAR JAYA,CAB06,Bekasi,TA,Apotek,BRG0002,ALERGINE TABLET SALUT,P,ZPJ1,Produk jadi,DUS,IDR,23,3.992,91.816
16/06/2022,June,IN6000,CUST55717,Company,APOTEK TAPAK,CAB01,Aceh,EPM,Apotek,BRG0008,TETRACYCLINE KAPSUL 250 MG,P,ZPJ1,Produk jadi,DUS,IDR,7,3.992,27.944
31/01/2022,January,IN6102,CUST55392,Company,APOTEK SINAR JAYA,CAB06,Bekasi,TA,Apotek,BRG0003,AMPICILLIN,P,ZPJ1,Produk jadi,DUS,IDR,11,10.691,117.601
23/01/2022,January,IN6125,CUST55402,Company,APOTEK TAPAK,CAB01,Aceh,EPM,Apotek,BRG0003,AMPICILLIN,P,ZPJ1,Produk jadi,DUS,IDR,14,10.691,149.674
31/01/2022,January,IN6191,CUST55422,Company,APOTEK SINAR JAYA,CAB06,Bekasi,TA,Apotek,BRG0003,AMPICILLIN,P,ZPJ1,Produk jadi,DUS,IDR,4,10.691,42.764
23/01/2022,January,IN5980,CUST55432,Company,APOTEK TAPAK,CAB01,Aceh,EPM,Apotek,BRG0003,AMPICILLIN,P,ZPJ1,Produk jadi,DUS,IDR,20,10.691,213.820
31/01/2022,January,IN6263,CUST55452,Company,APOTEK SINAR JAYA,CAB06,Bekasi,TA,Apotek,BRG0003,AMPICILLIN,P,ZPJ1,Produk jadi,DUS,IDR,130,10.691,1389.830
23/01/2022,January,IN6318,CUST55462,Company,APOTEK TAPAK,CAB01,Aceh,EPM,Apotek,BRG0003,AMPICILLIN,P,ZPJ1,Produk jadi,DUS,IDR,22,10.691,235.202
31/01/2022,January,IN6015,CUST55482,Company,APOTEK SINAR JAYA,CAB06,Bekasi,TA,Apotek,BRG0003,AMPICILLIN,P,ZPJ1,Produk jadi,DUS,IDR,5,10.691,53.455
23/01/2022,January,IN6289,CUST55492,Company,APOTEK TAPAK,CAB01,Aceh,EPM,Apotek,BRG0003,AMPICILLIN,P,ZPJ1,Produk jadi,DUS,IDR,25,10.691,267.275
31/01/2022,January,IN6152,CUST55512,Company,APOTEK SINAR JAYA,CAB06,Bekasi,TA,Apotek,BRG0003,AMPICILLIN,P,ZPJ1,Produk jadi,DUS,IDR,10,10.691,106.910
23/01/2022,January,IN6317,CUST55522,Company,APOTEK TAPAK,CAB01,Aceh,EPM,Apotek,BRG0003,AMPICILLIN,P,ZPJ1,Produk jadi,DUS,IDR,10,10.691,106.910
31/01/2022,January,IN6244,CUST55542,Company,APOTEK SINAR JAYA,CAB06,Bekasi,TA,Apotek,BRG0003,AMPICILLIN,P,ZPJ1,Produk jadi,DUS,IDR,21,10.691,224.511
10/02/2022,February,IN6234,CUST55552,Company,APOTEK TAPAK,CAB01,Aceh,EPM,Apotek,BRG0003,AMPICILLIN,P,ZPJ1,Produk jadi,DUS,IDR,67,10.691,716.297
02/03/2022,March,IN6239,CUST55572,Company,APOTEK SINAR JAYA,CAB06,Bekasi,TA,Apotek,BRG0003,AMPICILLIN,P,ZPJ1,Produk jadi,DUS,IDR,8,10.691,85.528
12/03/2022,March,IN6206,CUST55582,Company,APOTEK TAPAK,CAB01,Aceh,EPM,Apotek,BRG0003,AMPICILLIN,P,ZPJ1,Produk jadi,DUS,IDR,23,10.691,245.893
01/04/2022,April,IN6018,CUST55602,Company,APOTEK SINAR JAYA,CAB06,Bekasi,TA,Apotek,BRG0003,AMPICILLIN,P,ZPJ1,Produk jadi,DUS,IDR,14,10.691,149.674
11/04/2022,April,IN6027,CUST55612,Company,APOTEK TAPAK,CAB01,Aceh,EPM,Apotek,BRG0003,AMPICILLIN,P,ZPJ1,Produk jadi,DUS,IDR,10,10.691,106.910
01/05/2022,May,IN5999,CUST55632,Company,APOTEK SINAR JAYA,CAB06,Bekasi,TA,Apotek,BRG0003,AMPICILLIN,P,ZPJ1,Produk jadi,DUS,IDR,5,10.691,53.455
20/04/2022,April,IN6145,CUST55642,Company,APOTEK TAPAK,CAB01,Aceh,EPM,Apotek,BRG0003,AMPICILLIN,P,ZPJ1,Produk jadi,DUS,IDR,25,10.691,267.275
19/04/2022,April,IN6316,CUST55662,Company,APOTEK SINAR JAYA,CAB06,Bekasi,TA,Apotek,BRG0003,AMPICILLIN,P,ZPJ1,Produk jadi,DUS,IDR,120,10.691,1282.920
27/05/2022,May,IN6160,CUST55672,Company,APOTEK TAPAK,CAB01,Aceh,EPM,Apotek,BRG0003,AMPICILLIN,P,ZPJ1,Produk jadi,DUS,IDR,5,10.691,53.455
16/06/2022,June,IN6268,CUST55692,Company,APOTEK SINAR JAYA,CAB06,Bekasi,TA,Apotek,BRG0003,AMPICILLIN,P,ZPJ1,Produk jadi,DUS,IDR,25,10.691,267.275
16/06/2022,June,IN6109,CUST55702,Company,APOTEK TAPAK,CAB01,Aceh,EPM,Apotek,BRG0003,AMPICILLIN,P,ZPJ1,Produk jadi,DUS,IDR,12,10.691,128.292
16/06/2022,June,IN6165,CUST55722,Company,APOTEK SINAR JAYA,CAB06,Bekasi,TA,Apotek,BRG0003,AMPICILLIN,P,ZPJ1,Produk jadi,DUS,IDR,34,10.691,363.494
27/01/2022,January,IN6173,CUST55406,Company,KLINIK SAHABAT,CAB05,Tangerang,TD,Klinik,BRG0001,ACYCLOVIR DUS,P,ZPJ1,Produk jadi,DUS,IDR,12,4.592,55.104
27/01/2022,January,IN6219,CUST55436,Company,KLINIK SAHABAT,CAB05,Tangerang,TD,Klinik,BRG0001,ACYCLOVIR DUS,P,ZPJ1,Produk jadi,DUS,IDR,34,4.592,156.128
27/01/2022,January,IN6161,CUST55466,Company,KLINIK SAHABAT,CAB05,Tangerang,TD,Klinik,BRG0001,ACYCLOVIR DUS,P,ZPJ1,Produk jadi,DUS,IDR,24,4.592,110.208
27/01/2022,January,IN6103,CUST55496,Company,KLINIK SAHABAT,CAB05,Tangerang,TD,Klinik,BRG0001,ACYCLOVIR DUS,P,ZPJ1,Produk jadi,DUS,IDR,15,4.592,68.880
27/01/2022,January,IN6136,CUST55526,Company,KLINIK SAHABAT,CAB05,Tangerang,TD,Klinik,BRG0001,ACYCLOVIR DUS,P,ZPJ1,Produk jadi,DUS,IDR,78,4.592,358.176
14/02/2022,February,IN6129,CUST55556,Company,KLINIK SAHABAT,CAB05,Tangerang,TD,Klinik,BRG0001,ACYCLOVIR DUS,P,ZPJ1,Produk jadi,DUS,IDR,8,4.592,36.736
16/03/2022,March,IN6209,CUST55586,Company,KLINIK SAHABAT,CAB05,Tangerang,TD,Klinik,BRG0001,ACYCLOVIR DUS,P,ZPJ1,Produk jadi,DUS,IDR,11,4.592,50.512
15/04/2022,April,IN6031,CUST55616,Company,KLINIK SAHABAT,CAB05,Tangerang,TD,Klinik,BRG0001,ACYCLOVIR DUS,P,ZPJ1,Produk jadi,DUS,IDR,4,4.592,18.368
15/05/2022,May,IN6285,CUST55646,Company,KLINIK SAHABAT,CAB05,Tangerang,TD,Klinik,BRG0001,ACYCLOVIR DUS,P,ZPJ1,Produk jadi,DUS,IDR,130,4.592,596.960
31/05/2022,May,IN6010,CUST55676,Company,KLINIK SAHABAT,CAB05,Tangerang,TD,Klinik,BRG0001,ACYCLOVIR DUS,P,ZPJ1,Produk jadi,DUS,IDR,5,4.592,22.960
03/05/2022,May,IN5990,CUST55706,Company,KLINIK SAHABAT,CAB05,Tangerang,TD,Klinik,BRG0001,ACYCLOVIR DUS,P,ZPJ1,Produk jadi,DUS,IDR,10,4.592,45.920
20/01/2022,January,IN5997,CUST55380,Company,APOTEK TAPAK,CAB01,Aceh,EPM,Apotek,BRG0001,ACYCLOVIR DUS,P,ZPJ1,Produk jadi,DUS,IDR,1,1.170,1.170
30/01/2022,January,IN6176,CUST55403,Company,APOTEK MAJA,CAB02,Kuningan,TA,Apotek,BRG0004,TRAMADOL KAPSUL 50 MG,P,ZPJ1,Produk jadi,DUS,IDR,18,8.701,156.618
30/01/2022,January,IN6104,CUST55433,Company,APOTEK MAJA,CAB02,Kuningan,TA,Apotek,BRG0004,TRAMADOL KAPSUL 50 MG,P,ZPJ1,Produk jadi,DUS,IDR,45,8.701,391.545
30/01/2022,January,IN6256,CUST55463,Company,APOTEK MAJA,CAB02,Kuningan,TA,Apotek,BRG0004,TRAMADOL KAPSUL 50 MG,P,ZPJ1,Produk jadi,DUS,IDR,12,8.701,104.412
30/01/2022,January,IN6305,CUST55493,Company,APOTEK MAJA,CAB02,Kuningan,TA,Apotek,BRG0004,TRAMADOL KAPSUL 50 MG,P,ZPJ1,Produk jadi,DUS,IDR,14,8.701,121.814
30/01/2022,January,IN6025,CUST55523,Company,APOTEK MAJA,CAB02,Kuningan,TA,Apotek,BRG0004,TRAMADOL KAPSUL 50 MG,P,ZPJ1,Produk jadi,DUS,IDR,7,8.701,60.907
11/02/2022,February,IN6319,CUST55553,Company,APOTEK MAJA,CAB02,Kuningan,TA,Apotek,BRG0004,TRAMADOL KAPSUL 50 MG,P,ZPJ1,Produk jadi,DUS,IDR,98,8.701,852.698
13/03/2022,March,IN6055,CUST55583,Company,APOTEK MAJA,CAB02,Kuningan,TA,Apotek,BRG0004,TRAMADOL KAPSUL 50 MG,P,ZPJ1,Produk jadi,DUS,IDR,4,8.701,34.804
12/04/2022,April,IN6157,CUST55613,Company,APOTEK MAJA,CAB02,Kuningan,TA,Apotek,BRG0004,TRAMADOL KAPSUL 50 MG,P,ZPJ1,Produk jadi,DUS,IDR,67,8.701,582.967
21/04/2022,April,IN6315,CUST55643,Company,APOTEK MAJA,CAB02,Kuningan,TA,Apotek,BRG0004,TRAMADOL KAPSUL 50 MG,P,ZPJ1,Produk jadi,DUS,IDR,14,8.701,121.814
28/05/2022,May,IN6282,CUST55673,Company,APOTEK MAJA,CAB02,Kuningan,TA,Apotek,BRG0004,TRAMADOL KAPSUL 50 MG,P,ZPJ1,Produk jadi,DUS,IDR,9,8.701,78.309
30/04/2022,April,IN6249,CUST55703,Company,APOTEK MAJA,CAB02,Kuningan,TA,Apotek,BRG0004,TRAMADOL KAPSUL 50 MG,P,ZPJ1,Produk jadi,DUS,IDR,25,8.701,217.525
23/01/2022,January,IN6086,CUST55408,Company,APOTEK SAHABAT,CAB07,Padang,EPM,Apotek,BRG0003,AMPICILLIN,P,ZPJ1,Produk jadi,DUS,IDR,14,5.781,80.934
23/01/2022,January,IN6217,CUST55438,Company,APOTEK SAHABAT,CAB07,Padang,EPM,Apotek,BRG0003,AMPICILLIN,P,ZPJ1,Produk jadi,DUS,IDR,5,5.781,28.905
23/01/2022,January,IN6286,CUST55468,Company,APOTEK SAHABAT,CAB07,Padang,EPM,Apotek,BRG0003,AMPICILLIN,P,ZPJ1,Produk jadi,DUS,IDR,120,5.781,693.720
23/01/2022,January,IN6183,CUST55498,Company,APOTEK SAHABAT,CAB07,Padang,EPM,Apotek,BRG0003,AMPICILLIN,P,ZPJ1,Produk jadi,DUS,IDR,25,5.781,144.525
23/01/2022,January,IN6202,CUST55528,Company,APOTEK SAHABAT,CAB07,Padang,EPM,Apotek,BRG0003,AMPICILLIN,P,ZPJ1,Produk jadi,DUS,IDR,34,5.781,196.554
16/02/2022,February,IN6026,CUST55558,Company,APOTEK SAHABAT,CAB07,Padang,EPM,Apotek,BRG0003,AMPICILLIN,P,ZPJ1,Produk jadi,DUS,IDR,21,5.781,121.401
18/03/2022,March,IN6193,CUST55588,Company,APOTEK SAHABAT,CAB07,Padang,EPM,Apotek,BRG0003,AMPICILLIN,P,ZPJ1,Produk jadi,DUS,IDR,12,5.781,69.372
17/04/2022,April,IN6174,CUST55618,Company,APOTEK SAHABAT,CAB07,Padang,EPM,Apotek,BRG0003,AMPICILLIN,P,ZPJ1,Produk jadi,DUS,IDR,9,5.781,52.029
17/05/2022,May,IN6057,CUST55648,Company,APOTEK SAHABAT,CAB07,Padang,EPM,Apotek,BRG0003,AMPICILLIN,P,ZPJ1,Produk jadi,DUS,IDR,10,5.781,57.810
02/06/2022,June,IN6222,CUST55678,Company,APOTEK SAHABAT,CAB07,Padang,EPM,Apotek,BRG0003,AMPICILLIN,P,ZPJ1,Produk jadi,DUS,IDR,1,5.781,5.781
30/04/2022,April,IN6132,CUST55708,Company,APOTEK SAHABAT,CAB07,Padang,EPM,Apotek,BRG0003,AMPICILLIN,P,ZPJ1,Produk jadi,DUS,IDR,12,5.781,69.372
31/01/2022,January,IN6175,CUST55404,Company,KLINIK GM,CAB03,Jakarta,TA,Klinik,BRG0005,KLORPROMAZINA TABLET SALUT SELAPUT 100 MG,P,ZPJ1,Produk jadi,DUS,IDR,18,5.648,101.664
31/01/2022,January,IN6050,CUST55434,Company,KLINIK GM,CAB03,Jakarta,TA,Klinik,BRG0005,KLORPROMAZINA TABLET SALUT SELAPUT 100 MG,P,ZPJ1,Produk jadi,DUS,IDR,34,5.648,192.032
31/01/2022,January,IN6048,CUST55464,Company,KLINIK GM,CAB03,Jakarta,TA,Klinik,BRG0005,KLORPROMAZINA TABLET SALUT SELAPUT 100 MG,P,ZPJ1,Produk jadi,DUS,IDR,25,5.648,141.200
31/01/2022,January,IN6079,CUST55494,Company,KLINIK GM,CAB03,Jakarta,TA,Klinik,BRG0005,KLORPROMAZINA TABLET SALUT SELAPUT 100 MG,P,ZPJ1,Produk jadi,DUS,IDR,34,5.648,192.032
31/01/2022,January,IN6203,CUST55524,Company,KLINIK GM,CAB03,Jakarta,TA,Klinik,BRG0005,KLORPROMAZINA TABLET SALUT SELAPUT 100 MG,P,ZPJ1,Produk jadi,DUS,IDR,100,5.648,564.800
12/02/2022,February,IN6006,CUST55554,Company,KLINIK GM,CAB03,Jakarta,TA,Klinik,BRG0005,KLORPROMAZINA TABLET SALUT SELAPUT 100 MG,P,ZPJ1,Produk jadi,DUS,IDR,5,5.648,28.240
14/03/2022,March,IN6092,CUST55584,Company,KLINIK GM,CAB03,Jakarta,TA,Klinik,BRG0005,KLORPROMAZINA TABLET SALUT SELAPUT 100 MG,P,ZPJ1,Produk jadi,DUS,IDR,2,5.648,11.296
13/04/2022,April,IN6180,CUST55614,Company,KLINIK GM,CAB03,Jakarta,TA,Klinik,BRG0005,KLORPROMAZINA TABLET SALUT SELAPUT 100 MG,P,ZPJ1,Produk jadi,DUS,IDR,98,5.648,553.504
13/05/2022,May,IN6168,CUST55644,Company,KLINIK GM,CAB03,Jakarta,TA,Klinik,BRG0005,KLORPROMAZINA TABLET SALUT SELAPUT 100 MG,P,ZPJ1,Produk jadi,DUS,IDR,24,5.648,135.552
29/05/2022,May,IN6093,CUST55674,Company,KLINIK GM,CAB03,Jakarta,TA,Klinik,BRG0005,KLORPROMAZINA TABLET SALUT SELAPUT 100 MG,P,ZPJ1,Produk jadi,DUS,IDR,13,5.648,73.424
01/05/2022,May,IN6067,CUST55704,Company,KLINIK GM,CAB03,Jakarta,TA,Klinik,BRG0005,KLORPROMAZINA TABLET SALUT SELAPUT 100 MG,P,ZPJ1,Produk jadi,DUS,IDR,14,5.648,79.072
21/01/2022,January,IN6155,CUST55382,Company,KLINIK GM,CAB03,Jakarta,TA,Klinik,BRG0003,AMPICILLIN,P,ZPJ1,Produk jadi,DUS,IDR,9,10.691,96.219
28/01/2022,January,IN6262,CUST55419,Company,KLINIK GM,CAB03,Jakarta,TA,Klinik,BRG0010,PARACETAMOL,P,ZPJ1,Produk jadi,DUS,IDR,67,6.940,464.980
28/01/2022,January,IN6119,CUST55449,Company,KLINIK GM,CAB03,Jakarta,TA,Klinik,BRG0010,PARACETAMOL,P,ZPJ1,Produk jadi,DUS,IDR,14,6.940,97.160
28/01/2022,January,IN6049,CUST55479,Company,KLINIK GM,CAB03,Jakarta,TA,Klinik,BRG0010,PARACETAMOL,P,ZPJ1,Produk jadi,DUS,IDR,9,6.940,62.460
28/01/2022,January,IN6199,CUST55509,Company,KLINIK GM,CAB03,Jakarta,TA,Klinik,BRG0010,PARACETAMOL,P,ZPJ1,Produk jadi,DUS,IDR,25,6.940,173.500
28/01/2022,January,IN6303,CUST55539,Company,KLINIK GM,CAB03,Jakarta,TA,Klinik,BRG0010,PARACETAMOL,P,ZPJ1,Produk jadi,DUS,IDR,95,6.940,659.300
27/02/2022,February,IN6114,CUST55569,Company,KLINIK GM,CAB03,Jakarta,TA,Klinik,BRG0010,PARACETAMOL,P,ZPJ1,Produk jadi,DUS,IDR,98,6.940,680.120
29/03/2022,March,IN6098,CUST55599,Company,KLINIK GM,CAB03,Jakarta,TA,Klinik,BRG0010,PARACETAMOL,P,ZPJ1,Produk jadi,DUS,IDR,19,6.940,131.860
28/04/2022,April,IN6277,CUST55629,Company,KLINIK GM,CAB03,Jakarta,TA,Klinik,BRG0010,PARACETAMOL,P,ZPJ1,Produk jadi,DUS,IDR,34,6.940,235.960
19/04/2022,April,IN5987,CUST55659,Company,KLINIK GM,CAB03,Jakarta,TA,Klinik,BRG0010,PARACETAMOL,P,ZPJ1,Produk jadi,DUS,IDR,14,6.940,97.160
13/06/2022,June,IN6159,CUST55689,Company,KLINIK GM,CAB03,Jakarta,TA,Klinik,BRG0010,PARACETAMOL,P,ZPJ1,Produk jadi,DUS,IDR,67,6.940,464.980
01/05/2022,May,IN5989,CUST55719,Company,KLINIK GM,CAB03,Jakarta,TA,Klinik,BRG0010,PARACETAMOL,P,ZPJ1,Produk jadi,DUS,IDR,67,6.940,464.980
01/02/2022,February,IN6301,CUST55393,Company,APOTEK SAHABAT,CAB07,Padang,EPM,Apotek,BRG0004,TRAMADOL KAPSUL 50 MG,P,ZPJ1,Produk jadi,DUS,IDR,12,8.701,104.412
01/02/2022,February,IN6274,CUST55423,Company,APOTEK SAHABAT,CAB07,Padang,EPM,Apotek,BRG0004,TRAMADOL KAPSUL 50 MG,P,ZPJ1,Produk jadi,DUS,IDR,8,8.701,69.608
01/02/2022,February,IN6269,CUST55453,Company,APOTEK SAHABAT,CAB07,Padang,EPM,Apotek,BRG0004,TRAMADOL KAPSUL 50 MG,P,ZPJ1,Produk jadi,DUS,IDR,12,8.701,104.412
01/02/2022,February,IN6185,CUST55483,Company,APOTEK SAHABAT,CAB07,Padang,EPM,Apotek,BRG0004,TRAMADOL KAPSUL 50 MG,P,ZPJ1,Produk jadi,DUS,IDR,9,8.701,78.309
01/02/2022,February,IN6017,CUST55513,Company,APOTEK SAHABAT,CAB07,Padang,EPM,Apotek,BRG0004,TRAMADOL KAPSUL 50 MG,P,ZPJ1,Produk jadi,DUS,IDR,23,8.701,200.123
01/02/2022,February,IN6060,CUST55543,Company,APOTEK SAHABAT,CAB07,Padang,EPM,Apotek,BRG0004,TRAMADOL KAPSUL 50 MG,P,ZPJ1,Produk jadi,DUS,IDR,22,8.701,191.422
03/03/2022,March,IN6137,CUST55573,Company,APOTEK SAHABAT,CAB07,Padang,EPM,Apotek,BRG0004,TRAMADOL KAPSUL 50 MG,P,ZPJ1,Produk jadi,DUS,IDR,9,8.701,78.309
02/04/2022,April,IN6001,CUST55603,Company,APOTEK SAHABAT,CAB07,Padang,EPM,Apotek,BRG0004,TRAMADOL KAPSUL 50 MG,P,ZPJ1,Produk jadi,DUS,IDR,21,8.701,182.721
02/05/2022,May,IN6223,CUST55633,Company,APOTEK SAHABAT,CAB07,Padang,EPM,Apotek,BRG0004,TRAMADOL KAPSUL 50 MG,P,ZPJ1,Produk jadi,DUS,IDR,6,8.701,52.206
20/04/2022,April,IN6019,CUST55663,Company,APOTEK SAHABAT,CAB07,Padang,EPM,Apotek,BRG0004,TRAMADOL KAPSUL 50 MG,P,ZPJ1,Produk jadi,DUS,IDR,12,8.701,104.412
30/04/2022,April,IN6310,CUST55693,Company,APOTEK SAHABAT,CAB07,Padang,EPM,Apotek,BRG0004,TRAMADOL KAPSUL 50 MG,P,ZPJ1,Produk jadi,DUS,IDR,14,8.701,121.814
30/04/2022,April,IN6101,CUST55723,Company,APOTEK SAHABAT,CAB07,Padang,EPM,Apotek,BRG0004,TRAMADOL KAPSUL 50 MG,P,ZPJ1,Produk jadi,DUS,IDR,20,8.701,174.020
01/02/2022,February,IN6259,CUST55405,Company,APOTEK MERDEKA,CAB04,Bandung,TA,Apotek,BRG0006,KETOCONAZOLE TABLET 200 MG,P,ZPJ1,Produk jadi,DUS,IDR,19,2.819,53.561
01/02/2022,February,IN6054,CUST55435,Company,APOTEK MERDEKA,CAB04,Bandung,TA,Apotek,BRG0006,KETOCONAZOLE TABLET 200 MG,P,ZPJ1,Produk jadi,DUS,IDR,34,2.819,95.846
01/02/2022,February,IN6120,CUST55465,Company,APOTEK MERDEKA,CAB04,Bandung,TA,Apotek,BRG0006,KETOCONAZOLE TABLET 200 MG,P,ZPJ1,Produk jadi,DUS,IDR,14,2.819,39.466
01/02/2022,February,IN6320,CUST55495,Company,APOTEK MERDEKA,CAB04,Bandung,TA,Apotek,BRG0006,KETOCONAZOLE TABLET 200 MG,P,ZPJ1,Produk jadi,DUS,IDR,67,2.819,188.873
01/02/2022,February,IN6243,CUST55525,Company,APOTEK MERDEKA,CAB04,Bandung,TA,Apotek,BRG0006,KETOCONAZOLE TABLET 200 MG,P,ZPJ1,Produk jadi,DUS,IDR,67,2.819,188.873
13/02/2022,February,IN6147,CUST55555,Company,APOTEK MERDEKA,CAB04,Bandung,TA,Apotek,BRG0006,KETOCONAZOLE TABLET 200 MG,P,ZPJ1,Produk jadi,DUS,IDR,4,2.819,11.276
15/03/2022,March,IN6177,CUST55585,Company,APOTEK MERDEKA,CAB04,Bandung,TA,Apotek,BRG0006,KETOCONAZOLE TABLET 200 MG,P,ZPJ1,Produk jadi,DUS,IDR,17,2.819,47.923
14/04/2022,April,IN6257,CUST55615,Company,APOTEK MERDEKA,CAB04,Bandung,TA,Apotek,BRG0006,KETOCONAZOLE TABLET 200 MG,P,ZPJ1,Produk jadi,DUS,IDR,5,2.819,14.095
14/05/2022,May,IN6192,CUST55645,Company,APOTEK MERDEKA,CAB04,Bandung,TA,Apotek,BRG0006,KETOCONAZOLE TABLET 200 MG,P,ZPJ1,Produk jadi,DUS,IDR,10,2.819,28.190
30/05/2022,May,IN6166,CUST55675,Company,APOTEK MERDEKA,CAB04,Bandung,TA,Apotek,BRG0006,KETOCONAZOLE TABLET 200 MG,P,ZPJ1,Produk jadi,DUS,IDR,1,2.819,2.819
02/05/2022,May,IN6143,CUST55705,Company,APOTEK MERDEKA,CAB04,Bandung,TA,Apotek,BRG0006,KETOCONAZOLE TABLET 200 MG,P,ZPJ1,Produk jadi,DUS,IDR,24,2.819,67.656
27/01/2022,January,IN6024,CUST55394,Company,KLINIK DR. ANDRI,CAB08,Lampung,TD,Klinik,BRG0005,KLORPROMAZINA TABLET SALUT SELAPUT 100 MG,P,ZPJ1,Produk jadi,DUS,IDR,12,5.648,67.776
27/01/2022,January,IN6003,CUST55424,Company,KLINIK DR. ANDRI,CAB08,Lampung,TD,Klinik,BRG0005,KLORPROMAZINA TABLET SALUT SELAPUT 100 MG,P,ZPJ1,Produk jadi,DUS,IDR,9,5.648,50.832
27/01/2022,January,IN6188,CUST55454,Company,KLINIK DR. ANDRI,CAB08,Lampung,TD,Klinik,BRG0005,KLORPROMAZINA TABLET SALUT SELAPUT 100 MG,P,ZPJ1,Produk jadi,DUS,IDR,10,5.648,56.480
27/01/2022,January,IN6258,CUST55484,Company,KLINIK DR. ANDRI,CAB08,Lampung,TD,Klinik,BRG0005,KLORPROMAZINA TABLET SALUT SELAPUT 100 MG,P,ZPJ1,Produk jadi,DUS,IDR,1,5.648,5.648
27/01/2022,January,IN6299,CUST55514,Company,KLINIK DR. ANDRI,CAB08,Lampung,TD,Klinik,BRG0005,KLORPROMAZINA TABLET SALUT SELAPUT 100 MG,P,ZPJ1,Produk jadi,DUS,IDR,12,5.648,67.776
02/02/2022,February,IN6254,CUST55544,Company,KLINIK DR. ANDRI,CAB08,Lampung,TD,Klinik,BRG0005,KLORPROMAZINA TABLET SALUT SELAPUT 100 MG,P,ZPJ1,Produk jadi,DUS,IDR,12,5.648,67.776
04/03/2022,March,IN6189,CUST55574,Company,KLINIK DR. ANDRI,CAB08,Lampung,TD,Klinik,BRG0005,KLORPROMAZINA TABLET SALUT SELAPUT 100 MG,P,ZPJ1,Produk jadi,DUS,IDR,1,5.648,5.648
03/04/2022,April,IN6271,CUST55604,Company,KLINIK DR. ANDRI,CAB08,Lampung,TD,Klinik,BRG0005,KLORPROMAZINA TABLET SALUT SELAPUT 100 MG,P,ZPJ1,Produk jadi,DUS,IDR,22,5.648,124.256
03/05/2022,May,IN6273,CUST55634,Company,KLINIK DR. ANDRI,CAB08,Lampung,TD,Klinik,BRG0005,KLORPROMAZINA TABLET SALUT SELAPUT 100 MG,P,ZPJ1,Produk jadi,DUS,IDR,79,5.648,446.192
19/05/2022,May,IN6283,CUST55664,Company,KLINIK DR. ANDRI,CAB08,Lampung,TD,Klinik,BRG0005,KLORPROMAZINA TABLET SALUT SELAPUT 100 MG,P,ZPJ1,Produk jadi,DUS,IDR,10,5.648,56.480
01/05/2022,May,IN6044,CUST55694,Company,KLINIK DR. ANDRI,CAB08,Lampung,TD,Klinik,BRG0005,KLORPROMAZINA TABLET SALUT SELAPUT 100 MG,P,ZPJ1,Produk jadi,DUS,IDR,18,5.648,101.664
01/05/2022,May,IN6142,CUST55724,Company,KLINIK DR. ANDRI,CAB08,Lampung,TD,Klinik,BRG0005,KLORPROMAZINA TABLET SALUT SELAPUT 100 MG,P,ZPJ1,Produk jadi,DUS,IDR,45,5.648,254.160
23/01/2022,January,IN6028,CUST55420,Company,APOTEK MERDEKA,CAB04,Bandung,TA,Apotek,BRG0001,ACYCLOVIR DUS,P,ZPJ1,Produk jadi,DUS,IDR,98,1.170,114.660
23/01/2022,January,IN6233,CUST55450,Company,APOTEK MERDEKA,CAB04,Bandung,TA,Apotek,BRG0001,ACYCLOVIR DUS,P,ZPJ1,Produk jadi,DUS,IDR,24,1.170,28.080
23/01/2022,January,IN6039,CUST55480,Company,APOTEK MERDEKA,CAB04,Bandung,TA,Apotek,BRG0001,ACYCLOVIR DUS,P,ZPJ1,Produk jadi,DUS,IDR,13,1.170,15.210
23/01/2022,January,IN6215,CUST55510,Company,APOTEK MERDEKA,CAB04,Bandung,TA,Apotek,BRG0001,ACYCLOVIR DUS,P,ZPJ1,Produk jadi,DUS,IDR,14,1.170,16.380
23/01/2022,January,IN6284,CUST55540,Company,APOTEK MERDEKA,CAB04,Bandung,TA,Apotek,BRG0001,ACYCLOVIR DUS,P,ZPJ1,Produk jadi,DUS,IDR,76,1.170,88.920
28/02/2022,February,IN6041,CUST55570,Company,APOTEK MERDEKA,CAB04,Bandung,TA,Apotek,BRG0001,ACYCLOVIR DUS,P,ZPJ1,Produk jadi,DUS,IDR,5,1.170,5.850
30/03/2022,March,IN6078,CUST55600,Company,APOTEK MERDEKA,CAB04,Bandung,TA,Apotek,BRG0001,ACYCLOVIR DUS,P,ZPJ1,Produk jadi,DUS,IDR,12,1.170,14.040
29/04/2022,April,IN6197,CUST55630,Company,APOTEK MERDEKA,CAB04,Bandung,TA,Apotek,BRG0001,ACYCLOVIR DUS,P,ZPJ1,Produk jadi,DUS,IDR,34,1.170,39.780
20/04/2022,April,IN6313,CUST55660,Company,APOTEK MERDEKA,CAB04,Bandung,TA,Apotek,BRG0001,ACYCLOVIR DUS,P,ZPJ1,Produk jadi,DUS,IDR,24,1.170,28.080
14/06/2022,June,IN6264,CUST55690,Company,APOTEK MERDEKA,CAB04,Bandung,TA,Apotek,BRG0001,ACYCLOVIR DUS,P,ZPJ1,Produk jadi,DUS,IDR,15,1.170,17.550
02/05/2022,May,IN6151,CUST55720,Company,APOTEK MERDEKA,CAB04,Bandung,TA,Apotek,BRG0001,ACYCLOVIR DUS,P,ZPJ1,Produk jadi,DUS,IDR,78,1.170,91.260
30/01/2022,January,IN6108,CUST55409,Company,KLINIK DR. ANDRI,CAB08,Lampung,TD,Klinik,BRG0004,TRAMADOL KAPSUL 50 MG,P,ZPJ1,Produk jadi,DUS,IDR,21,6.940,145.740
30/01/2022,January,IN6323,CUST55439,Company,KLINIK DR. ANDRI,CAB08,Lampung,TD,Klinik,BRG0004,TRAMADOL KAPSUL 50 MG,P,ZPJ1,Produk jadi,DUS,IDR,6,6.940,41.640
30/01/2022,January,IN6008,CUST55469,Company,KLINIK DR. ANDRI,CAB08,Lampung,TD,Klinik,BRG0004,TRAMADOL KAPSUL 50 MG,P,ZPJ1,Produk jadi,DUS,IDR,12,6.940,83.280
30/01/2022,January,IN6278,CUST55499,Company,KLINIK DR. ANDRI,CAB08,Lampung,TD,Klinik,BRG0004,TRAMADOL KAPSUL 50 MG,P,ZPJ1,Produk jadi,DUS,IDR,14,6.940,97.160
30/01/2022,January,IN6279,CUST55529,Company,KLINIK DR. ANDRI,CAB08,Lampung,TD,Klinik,BRG0004,TRAMADOL KAPSUL 50 MG,P,ZPJ1,Produk jadi,DUS,IDR,20,6.940,138.800
17/02/2022,February,IN6224,CUST55559,Company,KLINIK DR. ANDRI,CAB08,Lampung,TD,Klinik,BRG0004,TRAMADOL KAPSUL 50 MG,P,ZPJ1,Produk jadi,DUS,IDR,22,6.940,152.680
19/03/2022,March,IN6081,CUST55589,Company,KLINIK DR. ANDRI,CAB08,Lampung,TD,Klinik,BRG0004,TRAMADOL KAPSUL 50 MG,P,ZPJ1,Produk jadi,DUS,IDR,25,6.940,173.500
18/04/2022,April,IN6237,CUST55619,Company,KLINIK DR. ANDRI,CAB08,Lampung,TD,Klinik,BRG0004,TRAMADOL KAPSUL 50 MG,P,ZPJ1,Produk jadi,DUS,IDR,10,6.940,69.400
18/05/2022,May,IN6252,CUST55649,Company,KLINIK DR. ANDRI,CAB08,Lampung,TD,Klinik,BRG0004,TRAMADOL KAPSUL 50 MG,P,ZPJ1,Produk jadi,DUS,IDR,67,6.940,464.980
03/06/2022,June,IN6032,CUST55679,Company,KLINIK DR. ANDRI,CAB08,Lampung,TD,Klinik,BRG0004,TRAMADOL KAPSUL 50 MG,P,ZPJ1,Produk jadi,DUS,IDR,23,6.940,159.620
01/05/2022,May,IN6030,CUST55709,Company,KLINIK DR. ANDRI,CAB08,Lampung,TD,Klinik,BRG0004,TRAMADOL KAPSUL 50 MG,P,ZPJ1,Produk jadi,DUS,IDR,10,6.940,69.400
22/01/2022,January,IN6144,CUST55383,Company,APOTEK MERDEKA,CAB04,Bandung,TA,Apotek,BRG0004,TRAMADOL KAPSUL 50 MG,P,ZPJ1,Produk jadi,DUS,IDR,13,8.701,113.113
28/01/2022,January,IN6184,CUST55395,Company,APOTEK TAPAK,CAB01,Aceh,EPM,Apotek,BRG0006,KETOCONAZOLE TABLET 200 MG,P,ZPJ1,Produk jadi,DUS,IDR,25,2.819,70.475
28/01/2022,January,IN6247,CUST55425,Company,APOTEK TAPAK,CAB01,Aceh,EPM,Apotek,BRG0006,KETOCONAZOLE TABLET 200 MG,P,ZPJ1,Produk jadi,DUS,IDR,10,2.819,28.190
28/01/2022,January,IN6116,CUST55455,Company,APOTEK TAPAK,CAB01,Aceh,EPM,Apotek,BRG0006,KETOCONAZOLE TABLET 200 MG,P,ZPJ1,Produk jadi,DUS,IDR,67,2.819,188.873
28/01/2022,January,IN6070,CUST55485,Company,APOTEK TAPAK,CAB01,Aceh,EPM,Apotek,BRG0006,KETOCONAZOLE TABLET 200 MG,P,ZPJ1,Produk jadi,DUS,IDR,23,2.819,64.837
28/01/2022,January,IN6064,CUST55515,Company,APOTEK TAPAK,CAB01,Aceh,EPM,Apotek,BRG0006,KETOCONAZOLE TABLET 200 MG,P,ZPJ1,Produk jadi,DUS,IDR,10,2.819,28.190
03/02/2022,February,IN6171,CUST55545,Company,APOTEK TAPAK,CAB01,Aceh,EPM,Apotek,BRG0006,KETOCONAZOLE TABLET 200 MG,P,ZPJ1,Produk jadi,DUS,IDR,25,2.819,70.475
05/03/2022,March,IN6229,CUST55575,Company,APOTEK TAPAK,CAB01,Aceh,EPM,Apotek,BRG0006,KETOCONAZOLE TABLET 200 MG,P,ZPJ1,Produk jadi,DUS,IDR,5,2.819,14.095
04/04/2022,April,IN6207,CUST55605,Company,APOTEK TAPAK,CAB01,Aceh,EPM,Apotek,BRG0006,KETOCONAZOLE TABLET 200 MG,P,ZPJ1,Produk jadi,DUS,IDR,12,2.819,33.828
26/04/2022,April,IN6047,CUST55635,Company,APOTEK TAPAK,CAB01,Aceh,EPM,Apotek,BRG0006,KETOCONAZOLE TABLET 200 MG,P,ZPJ1,Produk jadi,DUS,IDR,12,2.819,33.828
20/05/2022,May,IN6169,CUST55665,Company,APOTEK TAPAK,CAB01,Aceh,EPM,Apotek,BRG0006,KETOCONAZOLE TABLET 200 MG,P,ZPJ1,Produk jadi,DUS,IDR,67,2.819,188.873
02/05/2022,May,IN6178,CUST55695,Company,APOTEK TAPAK,CAB01,Aceh,EPM,Apotek,BRG0006,KETOCONAZOLE TABLET 200 MG,P,ZPJ1,Produk jadi,DUS,IDR,18,2.819,50.742
02/05/2022,May,IN6312,CUST55725,Company,APOTEK TAPAK,CAB01,Aceh,EPM,Apotek,BRG0006,KETOCONAZOLE TABLET 200 MG,P,ZPJ1,Produk jadi,DUS,IDR,34,2.819,95.846
23/01/2022,January,IN6280,CUST55384,Company,KLINIK SAHABAT,CAB05,Tangerang,TD,Klinik,BRG0005,KLORPROMAZINA TABLET SALUT SELAPUT 100 MG,P,ZPJ1,Produk jadi,DUS,IDR,1,5.648,5.648
31/01/2022,January,IN6321,CUST55410,Company,APOTEK TAPAK,CAB01,Aceh,EPM,Apotek,BRG0001,ACYCLOVIR DUS,P,ZPJ1,Produk jadi,DUS,IDR,22,1.170,25.740
31/01/2022,January,IN6241,CUST55440,Company,APOTEK TAPAK,CAB01,Aceh,EPM,Apotek,BRG0001,ACYCLOVIR DUS,P,ZPJ1,Produk jadi,DUS,IDR,79,1.170,92.430
31/01/2022,January,IN6040,CUST55470,Company,APOTEK TAPAK,CAB01,Aceh,EPM,Apotek,BRG0001,ACYCLOVIR DUS,P,ZPJ1,Produk jadi,DUS,IDR,10,1.170,11.700
31/01/2022,January,IN6186,CUST55500,Company,APOTEK TAPAK,CAB01,Aceh,EPM,Apotek,BRG0001,ACYCLOVIR DUS,P,ZPJ1,Produk jadi,DUS,IDR,18,1.170,21.060
31/01/2022,January,IN6196,CUST55530,Company,APOTEK TAPAK,CAB01,Aceh,EPM,Apotek,BRG0001,ACYCLOVIR DUS,P,ZPJ1,Produk jadi,DUS,IDR,45,1.170,52.650
18/02/2022,February,IN6087,CUST55560,Company,APOTEK TAPAK,CAB01,Aceh,EPM,Apotek,BRG0001,ACYCLOVIR DUS,P,ZPJ1,Produk jadi,DUS,IDR,12,1.170,14.040
20/03/2022,March,IN6149,CUST55590,Company,APOTEK TAPAK,CAB01,Aceh,EPM,Apotek,BRG0001,ACYCLOVIR DUS,P,ZPJ1,Produk jadi,DUS,IDR,14,1.170,16.380
19/04/2022,April,IN6021,CUST55620,Company,APOTEK TAPAK,CAB01,Aceh,EPM,Apotek,BRG0001,ACYCLOVIR DUS,P,ZPJ1,Produk jadi,DUS,IDR,7,1.170,8.190
19/05/2022,May,IN6272,CUST55650,Company,APOTEK TAPAK,CAB01,Aceh,EPM,Apotek,BRG0001,ACYCLOVIR DUS,P,ZPJ1,Produk jadi,DUS,IDR,98,1.170,114.660
04/06/2022,June,IN6198,CUST55680,Company,APOTEK TAPAK,CAB01,Aceh,EPM,Apotek,BRG0001,ACYCLOVIR DUS,P,ZPJ1,Produk jadi,DUS,IDR,4,1.170,4.680
02/05/2022,May,IN6094,CUST55710,Company,APOTEK TAPAK,CAB01,Aceh,EPM,Apotek,BRG0001,ACYCLOVIR DUS,P,ZPJ1,Produk jadi,DUS,IDR,67,1.170,78.390
01/02/2022,February,IN5994,CUST55411,Company,APOTEK MAJA,CAB02,Kuningan,TA,Apotek,BRG0002,ALERGINE TABLET SALUT,P,ZPJ1,Produk jadi,DUS,IDR,12,2.338,28.056
01/02/2022,February,IN6134,CUST55441,Company,APOTEK MAJA,CAB02,Kuningan,TA,Apotek,BRG0002,ALERGINE TABLET SALUT,P,ZPJ1,Produk jadi,DUS,IDR,12,2.338,28.056
01/02/2022,February,IN6084,CUST55471,Company,APOTEK MAJA,CAB02,Kuningan,TA,Apotek,BRG0002,ALERGINE TABLET SALUT,P,ZPJ1,Produk jadi,DUS,IDR,67,2.338,156.646
01/02/2022,February,IN6211,CUST55501,Company,APOTEK MAJA,CAB02,Kuningan,TA,Apotek,BRG0002,ALERGINE TABLET SALUT,P,ZPJ1,Produk jadi,DUS,IDR,18,2.338,42.084
01/02/2022,February,IN6266,CUST55531,Company,APOTEK MAJA,CAB02,Kuningan,TA,Apotek,BRG0002,ALERGINE TABLET SALUT,P,ZPJ1,Produk jadi,DUS,IDR,34,2.338,79.492
19/02/2022,February,IN6096,CUST55561,Company,APOTEK MAJA,CAB02,Kuningan,TA,Apotek,BRG0002,ALERGINE TABLET SALUT,P,ZPJ1,Produk jadi,DUS,IDR,25,2.338,58.450
21/03/2022,March,IN6014,CUST55591,Company,APOTEK MAJA,CAB02,Kuningan,TA,Apotek,BRG0002,ALERGINE TABLET SALUT,P,ZPJ1,Produk jadi,DUS,IDR,34,2.338,79.492
20/04/2022,April,IN6056,CUST55621,Company,APOTEK MAJA,CAB02,Kuningan,TA,Apotek,BRG0002,ALERGINE TABLET SALUT,P,ZPJ1,Produk jadi,DUS,IDR,100,2.338,233.800
20/05/2022,May,IN6150,CUST55651,Company,APOTEK MAJA,CAB02,Kuningan,TA,Apotek,BRG0002,ALERGINE TABLET SALUT,P,ZPJ1,Produk jadi,DUS,IDR,5,2.338,11.690
05/06/2022,June,IN6212,CUST55681,Company,APOTEK MAJA,CAB02,Kuningan,TA,Apotek,BRG0002,ALERGINE TABLET SALUT,P,ZPJ1,Produk jadi,DUS,IDR,2,2.338,4.676
03/05/2022,May,IN6294,CUST55711,Company,APOTEK MAJA,CAB02,Kuningan,TA,Apotek,BRG0002,ALERGINE TABLET SALUT,P,ZPJ1,Produk jadi,DUS,IDR,98,2.338,229.124
23/01/2022,January,IN6052,CUST55385,Company,APOTEK SINAR JAYA,CAB06,Bekasi,TA,Apotek,BRG0006,KETOCONAZOLE TABLET 200 MG,P,ZPJ1,Produk jadi,DUS,IDR,5,2.819,14.095
23/01/2022,January,IN6307,CUST55396,Company,APOTEK MAJA,CAB02,Kuningan,TA,Apotek,BRG0007,ERGOTAMINE COFFEINE,P,ZPJ1,Produk jadi,DUS,IDR,14,4.592,64.288
23/01/2022,January,IN6311,CUST55426,Company,APOTEK MAJA,CAB02,Kuningan,TA,Apotek,BRG0007,ERGOTAMINE COFFEINE,P,ZPJ1,Produk jadi,DUS,IDR,7,4.592,32.144
23/01/2022,January,IN6216,CUST55456,Company,APOTEK MAJA,CAB02,Kuningan,TA,Apotek,BRG0007,ERGOTAMINE COFFEINE,P,ZPJ1,Produk jadi,DUS,IDR,98,4.592,450.016
23/01/2022,January,IN6210,CUST55486,Company,APOTEK MAJA,CAB02,Kuningan,TA,Apotek,BRG0007,ERGOTAMINE COFFEINE,P,ZPJ1,Produk jadi,DUS,IDR,4,4.592,18.368
23/01/2022,January,IN6308,CUST55516,Company,APOTEK MAJA,CAB02,Kuningan,TA,Apotek,BRG0007,ERGOTAMINE COFFEINE,P,ZPJ1,Produk jadi,DUS,IDR,67,4.592,307.664
04/02/2022,February,IN6002,CUST55546,Company,APOTEK MAJA,CAB02,Kuningan,TA,Apotek,BRG0007,ERGOTAMINE COFFEINE,P,ZPJ1,Produk jadi,DUS,IDR,14,4.592,64.288
06/03/2022,March,IN6110,CUST55576,Company,APOTEK MAJA,CAB02,Kuningan,TA,Apotek,BRG0007,ERGOTAMINE COFFEINE,P,ZPJ1,Produk jadi,DUS,IDR,9,4.592,41.328
05/04/2022,April,IN6187,CUST55606,Company,APOTEK MAJA,CAB02,Kuningan,TA,Apotek,BRG0007,ERGOTAMINE COFFEINE,P,ZPJ1,Produk jadi,DUS,IDR,25,4.592,114.800
27/04/2022,April,IN6071,CUST55636,Company,APOTEK MAJA,CAB02,Kuningan,TA,Apotek,BRG0007,ERGOTAMINE COFFEINE,P,ZPJ1,Produk jadi,DUS,IDR,95,4.592,436.240
21/05/2022,May,IN6121,CUST55666,Company,APOTEK MAJA,CAB02,Kuningan,TA,Apotek,BRG0007,ERGOTAMINE COFFEINE,P,ZPJ1,Produk jadi,DUS,IDR,98,4.592,450.016
03/05/2022,May,IN6270,CUST55696,Company,APOTEK MAJA,CAB02,Kuningan,TA,Apotek,BRG0007,ERGOTAMINE COFFEINE,P,ZPJ1,Produk jadi,DUS,IDR,19,4.592,87.248
03/05/2022,May,IN6112,CUST55726,Company,APOTEK MAJA,CAB02,Kuningan,TA,Apotek,BRG0007,ERGOTAMINE COFFEINE,P,ZPJ1,Produk jadi,DUS,IDR,34,4.592,156.128
30/01/2022,January,IN6245,CUST55397,Company,KLINIK GM,CAB03,Jakarta,TA,Klinik,BRG0008,TETRACYCLINE KAPSUL 250 MG,P,ZPJ1,Produk jadi,DUS,IDR,34,3.992,135.728
30/01/2022,January,IN6248,CUST55427,Company,KLINIK GM,CAB03,Jakarta,TA,Klinik,BRG0008,TETRACYCLINE KAPSUL 250 MG,P,ZPJ1,Produk jadi,DUS,IDR,100,3.992,399.200
30/01/2022,January,IN6099,CUST55457,Company,KLINIK GM,CAB03,Jakarta,TA,Klinik,BRG0008,TETRACYCLINE KAPSUL 250 MG,P,ZPJ1,Produk jadi,DUS,IDR,5,3.992,19.960
30/01/2022,January,IN6083,CUST55487,Company,KLINIK GM,CAB03,Jakarta,TA,Klinik,BRG0008,TETRACYCLINE KAPSUL 250 MG,P,ZPJ1,Produk jadi,DUS,IDR,2,3.992,7.984
30/01/2022,January,IN6038,CUST55517,Company,KLINIK GM,CAB03,Jakarta,TA,Klinik,BRG0008,TETRACYCLINE KAPSUL 250 MG,P,ZPJ1,Produk jadi,DUS,IDR,98,3.992,391.216
05/02/2022,February,IN6261,CUST55547,Company,KLINIK GM,CAB03,Jakarta,TA,Klinik,BRG0008,TETRACYCLINE KAPSUL 250 MG,P,ZPJ1,Produk jadi,DUS,IDR,24,3.992,95.808
07/03/2022,March,IN6182,CUST55577,Company,KLINIK GM,CAB03,Jakarta,TA,Klinik,BRG0008,TETRACYCLINE KAPSUL 250 MG,P,ZPJ1,Produk jadi,DUS,IDR,13,3.992,51.896
06/04/2022,April,IN5995,CUST55607,Company,KLINIK GM,CAB03,Jakarta,TA,Klinik,BRG0008,TETRACYCLINE KAPSUL 250 MG,P,ZPJ1,Produk jadi,DUS,IDR,14,3.992,55.888
28/04/2022,April,IN6009,CUST55637,Company,KLINIK GM,CAB03,Jakarta,TA,Klinik,BRG0008,TETRACYCLINE KAPSUL 250 MG,P,ZPJ1,Produk jadi,DUS,IDR,76,3.992,303.392
22/05/2022,May,IN6117,CUST55667,Company,KLINIK GM,CAB03,Jakarta,TA,Klinik,BRG0008,TETRACYCLINE KAPSUL 250 MG,P,ZPJ1,Produk jadi,DUS,IDR,5,3.992,19.960
16/06/2022,June,IN6123,CUST55697,Company,KLINIK GM,CAB03,Jakarta,TA,Klinik,BRG0008,TETRACYCLINE KAPSUL 250 MG,P,ZPJ1,Produk jadi,DUS,IDR,12,3.992,47.904
16/06/2022,June,IN6204,CUST55727,Company,KLINIK GM,CAB03,Jakarta,TA,Klinik,BRG0008,TETRACYCLINE KAPSUL 250 MG,P,ZPJ1,Produk jadi,DUS,IDR,34,3.992,135.728
27/01/2022,January,IN6146,CUST55412,Company,KLINIK GM,CAB03,Jakarta,TA,Klinik,BRG0003,AMPICILLIN,P,ZPJ1,Produk jadi,DUS,IDR,25,10.691,267.275
27/01/2022,January,IN6124,CUST55442,Company,KLINIK GM,CAB03,Jakarta,TA,Klinik,BRG0003,AMPICILLIN,P,ZPJ1,Produk jadi,DUS,IDR,95,10.691,1015.645
27/01/2022,January,IN6074,CUST55472,Company,KLINIK GM,CAB03,Jakarta,TA,Klinik,BRG0003,AMPICILLIN,P,ZPJ1,Produk jadi,DUS,IDR,98,10.691,1047.718
27/01/2022,January,IN6118,CUST55502,Company,KLINIK GM,CAB03,Jakarta,TA,Klinik,BRG0003,AMPICILLIN,P,ZPJ1,Produk jadi,DUS,IDR,19,10.691,203.129
27/01/2022,January,IN6058,CUST55532,Company,KLINIK GM,CAB03,Jakarta,TA,Klinik,BRG0003,AMPICILLIN,P,ZPJ1,Produk jadi,DUS,IDR,34,10.691,363.494
20/02/2022,February,IN6034,CUST55562,Company,KLINIK GM,CAB03,Jakarta,TA,Klinik,BRG0003,AMPICILLIN,P,ZPJ1,Produk jadi,DUS,IDR,14,10.691,149.674
22/03/2022,March,IN6290,CUST55592,Company,KLINIK GM,CAB03,Jakarta,TA,Klinik,BRG0003,AMPICILLIN,P,ZPJ1,Produk jadi,DUS,IDR,67,10.691,716.297
21/04/2022,April,IN5983,CUST55622,Company,KLINIK GM,CAB03,Jakarta,TA,Klinik,BRG0003,AMPICILLIN,P,ZPJ1,Produk jadi,DUS,IDR,67,10.691,716.297
21/05/2022,May,IN6298,CUST55652,Company,KLINIK GM,CAB03,Jakarta,TA,Klinik,BRG0003,AMPICILLIN,P,ZPJ1,Produk jadi,DUS,IDR,4,10.691,42.764
06/06/2022,June,IN6288,CUST55682,Company,KLINIK GM,CAB03,Jakarta,TA,Klinik,BRG0003,AMPICILLIN,P,ZPJ1,Produk jadi,DUS,IDR,17,10.691,181.747
16/06/2022,June,IN6012,CUST55712,Company,KLINIK GM,CAB03,Jakarta,TA,Klinik,BRG0003,AMPICILLIN,P,ZPJ1,Produk jadi,DUS,IDR,5,10.691,53.455
25/01/2022,January,IN6089,CUST55386,Company,APOTEK SAHABAT,CAB07,Padang,EPM,Apotek,BRG0007,ERGOTAMINE COFFEINE,P,ZPJ1,Produk jadi,DUS,IDR,9,4.592,41.328
31/01/2022,January,IN6195,CUST55398,Company,APOTEK MERDEKA,CAB04,Bandung,TA,Apotek,BRG0009,AMBROXOL HC,P,ZPJ1,Produk jadi,DUS,IDR,67,5.781,387.327
31/01/2022,January,IN6042,CUST55428,Company,APOTEK MERDEKA,CAB04,Bandung,TA,Apotek,BRG0009,AMBROXOL HC,P,ZPJ1,Produk jadi,DUS,IDR,67,5.781,387.327
31/01/2022,January,IN6326,CUST55458,Company,APOTEK MERDEKA,CAB04,Bandung,TA,Apotek,BRG0009,AMBROXOL HC,P,ZPJ1,Produk jadi,DUS,IDR,4,5.781,23.124
31/01/2022,January,IN6322,CUST55488,Company,APOTEK MERDEKA,CAB04,Bandung,TA,Apotek,BRG0009,AMBROXOL HC,P,ZPJ1,Produk jadi,DUS,IDR,17,5.781,98.277
31/01/2022,January,IN6130,CUST55518,Company,APOTEK MERDEKA,CAB04,Bandung,TA,Apotek,BRG0009,AMBROXOL HC,P,ZPJ1,Produk jadi,DUS,IDR,5,5.781,28.905
06/02/2022,February,IN6088,CUST55548,Company,APOTEK MERDEKA,CAB04,Bandung,TA,Apotek,BRG0009,AMBROXOL HC,P,ZPJ1,Produk jadi,DUS,IDR,10,5.781,57.810
08/03/2022,March,IN6164,CUST55578,Company,APOTEK MERDEKA,CAB04,Bandung,TA,Apotek,BRG0009,AMBROXOL HC,P,ZPJ1,Produk jadi,DUS,IDR,1,5.781,5.781
07/04/2022,April,IN6156,CUST55608,Company,APOTEK MERDEKA,CAB04,Bandung,TA,Apotek,BRG0009,AMBROXOL HC,P,ZPJ1,Produk jadi,DUS,IDR,24,5.781,138.744
16/04/2022,April,IN6075,CUST55638,Company,APOTEK MERDEKA,CAB04,Bandung,TA,Apotek,BRG0009,AMBROXOL HC,P,ZPJ1,Produk jadi,DUS,IDR,48,5.781,277.488
23/05/2022,May,IN6201,CUST55668,Company,APOTEK MERDEKA,CAB04,Bandung,TA,Apotek,BRG0009,AMBROXOL HC,P,ZPJ1,Produk jadi,DUS,IDR,4,5.781,23.124
30/04/2022,April,IN6265,CUST55698,Company,APOTEK MERDEKA,CAB04,Bandung,TA,Apotek,BRG0009,AMBROXOL HC,P,ZPJ1,Produk jadi,DUS,IDR,25,5.781,144.525
30/04/2022,April,IN6304,CUST55728,Company,APOTEK MERDEKA,CAB04,Bandung,TA,Apotek,BRG0009,AMBROXOL HC,P,ZPJ1,Produk jadi,DUS,IDR,44,5.781,254.364
23/01/2022,January,IN6251,CUST55387,Company,APOTEK TAPAK,CAB01,Aceh,EPM,Apotek,BRG0008,TETRACYCLINE KAPSUL 250 MG,P,ZPJ1,Produk jadi,DUS,IDR,1,3.992,3.992
28/01/2022,January,IN6230,CUST55413,Company,APOTEK MERDEKA,CAB04,Bandung,TA,Apotek,BRG0004,TRAMADOL KAPSUL 50 MG,P,ZPJ1,Produk jadi,DUS,IDR,14,8.701,121.814
28/01/2022,January,IN5981,CUST55443,Company,APOTEK MERDEKA,CAB04,Bandung,TA,Apotek,BRG0004,TRAMADOL KAPSUL 50 MG,P,ZPJ1,Produk jadi,DUS,IDR,76,8.701,661.276
28/01/2022,January,IN6200,CUST55473,Company,APOTEK MERDEKA,CAB04,Bandung,TA,Apotek,BRG0004,TRAMADOL KAPSUL 50 MG,P,ZPJ1,Produk jadi,DUS,IDR,5,8.701,43.505
28/01/2022,January,IN6162,CUST55503,Company,APOTEK MERDEKA,CAB04,Bandung,TA,Apotek,BRG0004,TRAMADOL KAPSUL 50 MG,P,ZPJ1,Produk jadi,DUS,IDR,12,8.701,104.412
28/01/2022,January,IN6246,CUST55533,Company,APOTEK MERDEKA,CAB04,Bandung,TA,Apotek,BRG0004,TRAMADOL KAPSUL 50 MG,P,ZPJ1,Produk jadi,DUS,IDR,34,8.701,295.834
21/02/2022,February,IN6231,CUST55563,Company,APOTEK MERDEKA,CAB04,Bandung,TA,Apotek,BRG0004,TRAMADOL KAPSUL 50 MG,P,ZPJ1,Produk jadi,DUS,IDR,24,8.701,208.824
23/03/2022,March,IN6051,CUST55593,Company,APOTEK MERDEKA,CAB04,Bandung,TA,Apotek,BRG0004,TRAMADOL KAPSUL 50 MG,P,ZPJ1,Produk jadi,DUS,IDR,15,8.701,130.515
22/04/2022,April,IN6139,CUST55623,Company,APOTEK MERDEKA,CAB04,Bandung,TA,Apotek,BRG0004,TRAMADOL KAPSUL 50 MG,P,ZPJ1,Produk jadi,DUS,IDR,78,8.701,678.678
22/05/2022,May,IN6295,CUST55653,Company,APOTEK MERDEKA,CAB04,Bandung,TA,Apotek,BRG0004,TRAMADOL KAPSUL 50 MG,P,ZPJ1,Produk jadi,DUS,IDR,8,8.701,69.608
07/06/2022,June,IN6059,CUST55683,Company,APOTEK MERDEKA,CAB04,Bandung,TA,Apotek,BRG0004,TRAMADOL KAPSUL 50 MG,P,ZPJ1,Produk jadi,DUS,IDR,11,8.701,95.711
30/04/2022,April,IN6106,CUST55713,Company,APOTEK MERDEKA,CAB04,Bandung,TA,Apotek,BRG0004,TRAMADOL KAPSUL 50 MG,P,ZPJ1,Produk jadi,DUS,IDR,4,8.701,34.804
27/01/2022,January,IN6036,CUST55388,Company,APOTEK MAJA,CAB02,Kuningan,TA,Apotek,BRG0009,AMBROXOL HC,P,ZPJ1,Produk jadi,DUS,IDR,23,5.781,132.963
23/01/2022,January,IN5991,CUST55414,Company,KLINIK SAHABAT,CAB05,Tangerang,TD,Klinik,BRG0005,KLORPROMAZINA TABLET SALUT SELAPUT 100 MG,P,ZPJ1,Produk jadi,DUS,IDR,24,5.648,135.552
23/01/2022,January,IN6220,CUST55444,Company,KLINIK SAHABAT,CAB05,Tangerang,TD,Klinik,BRG0005,KLORPROMAZINA TABLET SALUT SELAPUT 100 MG,P,ZPJ1,Produk jadi,DUS,IDR,48,5.648,271.104
23/01/2022,January,IN6065,CUST55474,Company,KLINIK SAHABAT,CAB05,Tangerang,TD,Klinik,BRG0005,KLORPROMAZINA TABLET SALUT SELAPUT 100 MG,P,ZPJ1,Produk jadi,DUS,IDR,4,5.648,22.592
23/01/2022,January,IN6221,CUST55504,Company,KLINIK SAHABAT,CAB05,Tangerang,TD,Klinik,BRG0005,KLORPROMAZINA TABLET SALUT SELAPUT 100 MG,P,ZPJ1,Produk jadi,DUS,IDR,25,5.648,141.200
23/01/2022,January,IN6242,CUST55534,Company,KLINIK SAHABAT,CAB05,Tangerang,TD,Klinik,BRG0005,KLORPROMAZINA TABLET SALUT SELAPUT 100 MG,P,ZPJ1,Produk jadi,DUS,IDR,44,5.648,248.512
22/02/2022,February,IN6260,CUST55564,Company,KLINIK SAHABAT,CAB05,Tangerang,TD,Klinik,BRG0005,KLORPROMAZINA TABLET SALUT SELAPUT 100 MG,P,ZPJ1,Produk jadi,DUS,IDR,10,5.648,56.480
24/03/2022,March,IN6076,CUST55594,Company,KLINIK SAHABAT,CAB05,Tangerang,TD,Klinik,BRG0005,KLORPROMAZINA TABLET SALUT SELAPUT 100 MG,P,ZPJ1,Produk jadi,DUS,IDR,12,5.648,67.776
23/04/2022,April,IN6126,CUST55624,Company,KLINIK SAHABAT,CAB05,Tangerang,TD,Klinik,BRG0005,KLORPROMAZINA TABLET SALUT SELAPUT 100 MG,P,ZPJ1,Produk jadi,DUS,IDR,45,5.648,254.160
23/05/2022,May,IN6022,CUST55654,Company,KLINIK SAHABAT,CAB05,Tangerang,TD,Klinik,BRG0005,KLORPROMAZINA TABLET SALUT SELAPUT 100 MG,P,ZPJ1,Produk jadi,DUS,IDR,9,5.648,50.832
08/06/2022,June,IN6236,CUST55684,Company,KLINIK SAHABAT,CAB05,Tangerang,TD,Klinik,BRG0005,KLORPROMAZINA TABLET SALUT SELAPUT 100 MG,P,ZPJ1,Produk jadi,DUS,IDR,12,5.648,67.776
01/05/2022,May,IN5984,CUST55714,Company,KLINIK SAHABAT,CAB05,Tangerang,TD,Klinik,BRG0005,KLORPROMAZINA TABLET SALUT SELAPUT 100 MG,P,ZPJ1,Produk jadi,DUS,IDR,8,5.648,45.184
01/02/2022,February,IN6023,CUST55399,Company,KLINIK SAHABAT,CAB05,Tangerang,TD,Klinik,BRG0010,PARACETAMOL,P,ZPJ1,Produk jadi,DUS,IDR,15,6.940,104.100
01/02/2022,February,IN6133,CUST55429,Company,KLINIK SAHABAT,CAB05,Tangerang,TD,Klinik,BRG0010,PARACETAMOL,P,ZPJ1,Produk jadi,DUS,IDR,78,6.940,541.320
01/02/2022,February,IN6267,CUST55459,Company,KLINIK SAHABAT,CAB05,Tangerang,TD,Klinik,BRG0010,PARACETAMOL,P,ZPJ1,Produk jadi,DUS,IDR,8,6.940,55.520
01/02/2022,February,IN6291,CUST55489,Company,KLINIK SAHABAT,CAB05,Tangerang,TD,Klinik,BRG0010,PARACETAMOL,P,ZPJ1,Produk jadi,DUS,IDR,11,6.940,76.340
01/02/2022,February,IN6293,CUST55519,Company,KLINIK SAHABAT,CAB05,Tangerang,TD,Klinik,BRG0010,PARACETAMOL,P,ZPJ1,Produk jadi,DUS,IDR,4,6.940,27.760
07/02/2022,February,IN6181,CUST55549,Company,KLINIK SAHABAT,CAB05,Tangerang,TD,Klinik,BRG0010,PARACETAMOL,P,ZPJ1,Produk jadi,DUS,IDR,130,6.940,902.200
09/03/2022,March,IN6016,CUST55579,Company,KLINIK SAHABAT,CAB05,Tangerang,TD,Klinik,BRG0010,PARACETAMOL,P,ZPJ1,Produk jadi,DUS,IDR,5,6.940,34.700
08/04/2022,April,IN6232,CUST55609,Company,KLINIK SAHABAT,CAB05,Tangerang,TD,Klinik,BRG0010,PARACETAMOL,P,ZPJ1,Produk jadi,DUS,IDR,10,6.940,69.400
17/04/2022,April,IN6218,CUST55639,Company,KLINIK SAHABAT,CAB05,Tangerang,TD,Klinik,BRG0010,PARACETAMOL,P,ZPJ1,Produk jadi,DUS,IDR,21,6.940,145.740
24/05/2022,May,IN6179,CUST55669,Company,KLINIK SAHABAT,CAB05,Tangerang,TD,Klinik,BRG0010,PARACETAMOL,P,ZPJ1,Produk jadi,DUS,IDR,8,6.940,55.520
01/05/2022,May,IN6158,CUST55699,Company,KLINIK SAHABAT,CAB05,Tangerang,TD,Klinik,BRG0010,PARACETAMOL,P,ZPJ1,Produk jadi,DUS,IDR,14,6.940,97.160
01/05/2022,May,IN6004,CUST55729,Company,KLINIK SAHABAT,CAB05,Tangerang,TD,Klinik,BRG0010,PARACETAMOL,P,ZPJ1,Produk jadi,DUS,IDR,5,6.940,69.400
30/01/2022,January,IN6281,CUST55415,Company,APOTEK SINAR JAYA,CAB06,Bekasi,TA,Apotek,BRG0006,KETOCONAZOLE TABLET 200 MG,P,ZPJ1,Produk jadi,DUS,IDR,10,2.819,28.190
30/01/2022,January,IN6122,CUST55445,Company,APOTEK SINAR JAYA,CAB06,Bekasi,TA,Apotek,BRG0006,KETOCONAZOLE TABLET 200 MG,P,ZPJ1,Produk jadi,DUS,IDR,21,2.819,59.199
30/01/2022,January,IN6208,CUST55475,Company,APOTEK SINAR JAYA,CAB06,Bekasi,TA,Apotek,BRG0006,KETOCONAZOLE TABLET 200 MG,P,ZPJ1,Produk jadi,DUS,IDR,8,2.819,22.552
30/01/2022,January,IN6170,CUST55505,Company,APOTEK SINAR JAYA,CAB06,Bekasi,TA,Apotek,BRG0006,KETOCONAZOLE TABLET 200 MG,P,ZPJ1,Produk jadi,DUS,IDR,14,2.819,39.466
30/01/2022,January,IN5982,CUST55535,Company,APOTEK SINAR JAYA,CAB06,Bekasi,TA,Apotek,BRG0006,KETOCONAZOLE TABLET 200 MG,P,ZPJ1,Produk jadi,DUS,IDR,5,2.819,14.095
23/02/2022,February,IN6302,CUST55565,Company,APOTEK SINAR JAYA,CAB06,Bekasi,TA,Apotek,BRG0006,KETOCONAZOLE TABLET 200 MG,P,ZPJ1,Produk jadi,DUS,IDR,120,2.819,338.280
25/03/2022,March,IN6140,CUST55595,Company,APOTEK SINAR JAYA,CAB06,Bekasi,TA,Apotek,BRG0006,KETOCONAZOLE TABLET 200 MG,P,ZPJ1,Produk jadi,DUS,IDR,25,2.819,70.475
24/04/2022,April,IN6127,CUST55625,Company,APOTEK SINAR JAYA,CAB06,Bekasi,TA,Apotek,BRG0006,KETOCONAZOLE TABLET 200 MG,P,ZPJ1,Produk jadi,DUS,IDR,34,2.819,95.846
24/05/2022,May,IN6090,CUST55655,Company,APOTEK SINAR JAYA,CAB06,Bekasi,TA,Apotek,BRG0006,KETOCONAZOLE TABLET 200 MG,P,ZPJ1,Produk jadi,DUS,IDR,21,2.819,59.199
09/06/2022,June,IN6296,CUST55685,Company,APOTEK SINAR JAYA,CAB06,Bekasi,TA,Apotek,BRG0006,KETOCONAZOLE TABLET 200 MG,P,ZPJ1,Produk jadi,DUS,IDR,12,2.819,33.828
02/05/2022,May,IN6007,CUST55715,Company,APOTEK SINAR JAYA,CAB06,Bekasi,TA,Apotek,BRG0006,KETOCONAZOLE TABLET 200 MG,P,ZPJ1,Produk jadi,DUS,IDR,9,2.819,25.371
27/01/2022,January,IN6113,CUST55400,Company,APOTEK SINAR JAYA,CAB06,Bekasi,TA,Apotek,BRG0001,ACYCLOVIR DUS,P,ZPJ1,Produk jadi,DUS,IDR,12,1.170,14.040
27/01/2022,January,IN6306,CUST55430,Company,APOTEK SINAR JAYA,CAB06,Bekasi,TA,Apotek,BRG0001,ACYCLOVIR DUS,P,ZPJ1,Produk jadi,DUS,IDR,45,1.170,52.650
27/01/2022,January,IN6238,CUST55460,Company,APOTEK SINAR JAYA,CAB06,Bekasi,TA,Apotek,BRG0001,ACYCLOVIR DUS,P,ZPJ1,Produk jadi,DUS,IDR,9,1.170,10.530
27/01/2022,January,IN6062,CUST55490,Company,APOTEK SINAR JAYA,CAB06,Bekasi,TA,Apotek,BRG0001,ACYCLOVIR DUS,P,ZPJ1,Produk jadi,DUS,IDR,12,1.170,14.040
27/01/2022,January,IN6205,CUST55520,Company,APOTEK SINAR JAYA,CAB06,Bekasi,TA,Apotek,BRG0001,ACYCLOVIR DUS,P,ZPJ1,Produk jadi,DUS,IDR,8,1.170,9.360
08/02/2022,February,IN6135,CUST55550,Company,APOTEK SINAR JAYA,CAB06,Bekasi,TA,Apotek,BRG0001,ACYCLOVIR DUS,P,ZPJ1,Produk jadi,DUS,IDR,12,1.170,14.040
10/03/2022,March,IN6043,CUST55580,Company,APOTEK SINAR JAYA,CAB06,Bekasi,TA,Apotek,BRG0001,ACYCLOVIR DUS,P,ZPJ1,Produk jadi,DUS,IDR,9,1.170,10.530
09/04/2022,April,IN5998,CUST55610,Company,APOTEK SINAR JAYA,CAB06,Bekasi,TA,Apotek,BRG0001,ACYCLOVIR DUS,P,ZPJ1,Produk jadi,DUS,IDR,23,1.170,26.910
18/04/2022,April,IN5985,CUST55640,Company,APOTEK SINAR JAYA,CAB06,Bekasi,TA,Apotek,BRG0001,ACYCLOVIR DUS,P,ZPJ1,Produk jadi,DUS,IDR,22,1.170,25.740
25/05/2022,May,IN5978,CUST55670,Company,APOTEK SINAR JAYA,CAB06,Bekasi,TA,Apotek,BRG0001,ACYCLOVIR DUS,P,ZPJ1,Produk jadi,DUS,IDR,9,1.170,10.530
02/05/2022,May,IN6105,CUST55700,Company,APOTEK SINAR JAYA,CAB06,Bekasi,TA,Apotek,BRG0001,ACYCLOVIR DUS,P,ZPJ1,Produk jadi,DUS,IDR,21,1.170,24.570
28/01/2022,January,IN6029,CUST55389,Company,KLINIK GM,CAB03,Jakarta,TA,Klinik,BRG0010,PARACETAMOL,P,ZPJ1,Produk jadi,DUS,IDR,4,6.940,27.760
28/01/2022,January,IN6141,CUST55401,Company,APOTEK SAHABAT,CAB07,Padang,EPM,Apotek,BRG0002,ALERGINE TABLET SALUT,P,ZPJ1,Produk jadi,DUS,IDR,25,2.338,58.450
28/01/2022,January,IN6253,CUST55431,Company,APOTEK SAHABAT,CAB07,Padang,EPM,Apotek,BRG0002,ALERGINE TABLET SALUT,P,ZPJ1,Produk jadi,DUS,IDR,34,2.338,79.492
28/01/2022,January,IN6214,CUST55461,Company,APOTEK SAHABAT,CAB07,Padang,EPM,Apotek,BRG0002,ALERGINE TABLET SALUT,P,ZPJ1,Produk jadi,DUS,IDR,21,2.338,49.098
28/01/2022,January,IN6167,CUST55491,Company,APOTEK SAHABAT,CAB07,Padang,EPM,Apotek,BRG0002,ALERGINE TABLET SALUT,P,ZPJ1,Produk jadi,DUS,IDR,12,2.338,28.056
28/01/2022,January,IN6325,CUST55521,Company,APOTEK SAHABAT,CAB07,Padang,EPM,Apotek,BRG0002,ALERGINE TABLET SALUT,P,ZPJ1,Produk jadi,DUS,IDR,9,2.338,21.042
09/02/2022,February,IN5988,CUST55551,Company,APOTEK SAHABAT,CAB07,Padang,EPM,Apotek,BRG0002,ALERGINE TABLET SALUT,P,ZPJ1,Produk jadi,DUS,IDR,10,2.338,23.380
11/03/2022,March,IN6020,CUST55581,Company,APOTEK SAHABAT,CAB07,Padang,EPM,Apotek,BRG0002,ALERGINE TABLET SALUT,P,ZPJ1,Produk jadi,DUS,IDR,1,2.338,2.338
10/04/2022,April,IN6227,CUST55611,Company,APOTEK SAHABAT,CAB07,Padang,EPM,Apotek,BRG0002,ALERGINE TABLET SALUT,P,ZPJ1,Produk jadi,DUS,IDR,12,2.338,28.056
19/04/2022,April,IN6154,CUST55641,Company,APOTEK SAHABAT,CAB07,Padang,EPM,Apotek,BRG0002,ALERGINE TABLET SALUT,P,ZPJ1,Produk jadi,DUS,IDR,12,2.338,28.056
26/05/2022,May,IN5993,CUST55671,Company,APOTEK SAHABAT,CAB07,Padang,EPM,Apotek,BRG0002,ALERGINE TABLET SALUT,P,ZPJ1,Produk jadi,DUS,IDR,1,2.338,2.338
03/05/2022,May,IN6213,CUST55701,Company,APOTEK SAHABAT,CAB07,Padang,EPM,Apotek,BRG0002,ALERGINE TABLET SALUT,P,ZPJ1,Produk jadi,DUS,IDR,22,2.338,51.436
31/01/2022,January,IN6226,CUST55416,Company,APOTEK SAHABAT,CAB07,Padang,EPM,Apotek,BRG0007,ERGOTAMINE COFFEINE,P,ZPJ1,Produk jadi,DUS,IDR,23,4.592,105.616
31/01/2022,January,IN6255,CUST55446,Company,APOTEK SAHABAT,CAB07,Padang,EPM,Apotek,BRG0007,ERGOTAMINE COFFEINE,P,ZPJ1,Produk jadi,DUS,IDR,22,4.592,101.024
31/01/2022,January,IN6148,CUST55476,Company,APOTEK SAHABAT,CAB07,Padang,EPM,Apotek,BRG0007,ERGOTAMINE COFFEINE,P,ZPJ1,Produk jadi,DUS,IDR,9,4.592,41.328
31/01/2022,January,IN6045,CUST55506,Company,APOTEK SAHABAT,CAB07,Padang,EPM,Apotek,BRG0007,ERGOTAMINE COFFEINE,P,ZPJ1,Produk jadi,DUS,IDR,21,4.592,96.432
31/01/2022,January,IN6068,CUST55536,Company,APOTEK SAHABAT,CAB07,Padang,EPM,Apotek,BRG0007,ERGOTAMINE COFFEINE,P,ZPJ1,Produk jadi,DUS,IDR,6,4.592,27.552
24/02/2022,February,IN6061,CUST55566,Company,APOTEK SAHABAT,CAB07,Padang,EPM,Apotek,BRG0007,ERGOTAMINE COFFEINE,P,ZPJ1,Produk jadi,DUS,IDR,12,4.592,55.104
26/03/2022,March,IN6080,CUST55596,Company,APOTEK SAHABAT,CAB07,Padang,EPM,Apotek,BRG0007,ERGOTAMINE COFFEINE,P,ZPJ1,Produk jadi,DUS,IDR,14,4.592,64.288
25/04/2022,April,IN6035,CUST55626,Company,APOTEK SAHABAT,CAB07,Padang,EPM,Apotek,BRG0007,ERGOTAMINE COFFEINE,P,ZPJ1,Produk jadi,DUS,IDR,20,4.592,91.840
25/05/2022,May,IN5996,CUST55656,Company,APOTEK SAHABAT,CAB07,Padang,EPM,Apotek,BRG0007,ERGOTAMINE COFFEINE,P,ZPJ1,Produk jadi,DUS,IDR,22,4.592,101.024
10/06/2022,June,IN6324,CUST55686,Company,APOTEK SAHABAT,CAB07,Padang,EPM,Apotek,BRG0007,ERGOTAMINE COFFEINE,P,ZPJ1,Produk jadi,DUS,IDR,25,4.592,114.800
03/05/2022,May,IN6115,CUST55716,Company,APOTEK SAHABAT,CAB07,Padang,EPM,Apotek,BRG0007,ERGOTAMINE COFFEINE,P,ZPJ1,Produk jadi,DUS,IDR,10,4.592,45.920
23/01/2022,January,IN6190,CUST55390,Company,APOTEK MERDEKA,CAB04,Bandung,TA,Apotek,BRG0001,ACYCLOVIR DUS,P,ZPJ1,Produk jadi,DUS,IDR,2,1.170,2.340
